n,section,ddl
1,2,"create table public.games (
  id uuid not null default gen_random_uuid(),
  week_id text,
  home_team_id text not null,
  away_team_id text not null,
  start_time timestamp with time zone not null,
  status text default 'SCHEDULED'::text,
  home_score integer,
  away_score integer,
  created_at timestamp with time zone default now(),
  nhl_game_id integer
);"
2,2,"create table public.picks (
  id uuid not null default gen_random_uuid(),
  user_id uuid,
  week_id text,
  game_id uuid,
  selected_team_id text not null,
  confidence integer not null,
  points_earned integer default 0,
  result text default 'PENDING'::text,
  created_at timestamp with time zone default now()
);"
3,2,"create table public.profiles (
  id uuid not null,
  email text not null,
  name text not null,
  avatar text,
  role text default 'member'::text,
  created_at timestamp with time zone default now(),
  updated_at timestamp with time zone default now()
);"
4,2,"create table public.weeks (
  id text not null,
  week_number integer not null,
  saturday_date date not null,
  status text default 'OPEN'::text,
  created_at timestamp with time zone default now()
);"
5,3,alter table public.games add constraint games_pkey PRIMARY KEY (id);
6,3,alter table public.picks add constraint picks_pkey PRIMARY KEY (id);
7,3,alter table public.profiles add constraint profiles_pkey PRIMARY KEY (id);
8,3,alter table public.weeks add constraint weeks_pkey PRIMARY KEY (id);
9,3,"alter table public.games add constraint games_week_home_away_unique UNIQUE (week_id, home_team_id, away_team_id);"
10,3,"alter table public.picks add constraint picks_user_id_week_id_confidence_key UNIQUE (user_id, week_id, confidence);"
11,3,"alter table public.picks add constraint picks_user_id_week_id_game_id_key UNIQUE (user_id, week_id, game_id);"
12,3,alter table public.profiles add constraint profiles_email_key UNIQUE (email);
13,3,"alter table public.games add constraint games_status_check CHECK ((status = ANY (ARRAY['SCHEDULED'::text, 'LIVE'::text, 'FINAL'::text])));"
14,3,alter table public.picks add constraint picks_confidence_check CHECK (((confidence >= 1) AND (confidence <= 5)));
15,3,"alter table public.picks add constraint picks_result_check CHECK ((result = ANY (ARRAY['WIN'::text, 'LOSS'::text, 'PENDING'::text])));"
16,3,"alter table public.profiles add constraint profiles_role_check CHECK ((role = ANY (ARRAY['admin'::text, 'member'::text])));"
17,3,"alter table public.weeks add constraint weeks_status_check CHECK ((status = ANY (ARRAY['OPEN'::text, 'LOCKED'::text, 'COMPLETED'::text])));"
18,3,alter table public.games add constraint games_week_id_fkey FOREIGN KEY (week_id) REFERENCES weeks(id) ON DELETE CASCADE;
19,3,alter table public.picks add constraint picks_game_id_fkey FOREIGN KEY (game_id) REFERENCES games(id) ON DELETE CASCADE;
20,3,alter table public.picks add constraint picks_user_id_fkey FOREIGN KEY (user_id) REFERENCES profiles(id) ON DELETE CASCADE;
21,3,alter table public.picks add constraint picks_week_id_fkey FOREIGN KEY (week_id) REFERENCES weeks(id) ON DELETE CASCADE;
22,3,alter table public.profiles add constraint profiles_id_fkey FOREIGN KEY (id) REFERENCES auth.users(id) ON DELETE CASCADE;
23,4,CREATE INDEX idx_games_week ON public.games USING btree (week_id);
24,4,CREATE INDEX idx_games_nhl_id ON public.games USING btree (nhl_game_id);
25,4,"CREATE INDEX idx_picks_user_week ON public.picks USING btree (user_id, week_id);"
26,4,CREATE INDEX idx_picks_game ON public.picks USING btree (game_id);
27,5,alter table public.games enable row level security;
28,5,alter table public.picks enable row level security;
29,5,alter table public.profiles enable row level security;
30,5,alter table public.weeks enable row level security;
31,6,"create policy ""Allow authenticated users to update games"" on public.games as permissive for update to authenticated
  using (true)
  with check (true);"
32,6,"create policy ""Anyone can view games"" on public.games as permissive for select to public
  using (true);"
33,6,"create policy games_insert_authenticated on public.games as permissive for insert to authenticated
  with check (is_member());"
34,6,"create policy ""Users can delete own picks"" on public.picks as permissive for delete to public
  using ((auth.uid() = user_id));"
35,6,"create policy ""Users can insert own picks"" on public.picks as permissive for insert to public
  with check ((auth.uid() = user_id));"
36,6,"create policy ""Users can update own picks"" on public.picks as permissive for update to public
  using ((auth.uid() = user_id));"
37,6,"create policy picks_select_own_or_revealed on public.picks as permissive for select to authenticated
  using (((auth.uid() = user_id) OR picks_revealed(week_id)));"
38,6,"create policy ""Users can update own profile"" on public.profiles as permissive for update to public
  using ((auth.uid() = id))
  with check ((auth.uid() = id));"
39,6,"create policy profiles_select_all on public.profiles as permissive for select to authenticated
  using (is_member());"
40,6,"create policy ""Anyone can view weeks"" on public.weeks as permissive for select to public
  using (true);"
41,6,"create policy weeks_insert_authenticated on public.weeks as permissive for insert to authenticated
  with check (is_member());"
42,6,"create policy weeks_update_admin on public.weeks as permissive for update to authenticated
  using (is_admin())
  with check (is_admin());"
43,7,grant REFERENCES on public.games to anon;
44,7,grant SELECT on public.games to anon;
45,7,grant TRIGGER on public.games to anon;
46,7,grant TRUNCATE on public.games to anon;
47,7,grant REFERENCES on public.games to authenticated;
48,7,grant SELECT on public.games to authenticated;
49,7,grant TRIGGER on public.games to authenticated;
50,7,grant TRUNCATE on public.games to authenticated;
51,7,grant DELETE on public.games to service_role;
52,7,grant INSERT on public.games to service_role;
53,7,grant REFERENCES on public.games to service_role;
54,7,grant SELECT on public.games to service_role;
55,7,grant TRIGGER on public.games to service_role;
56,7,grant TRUNCATE on public.games to service_role;
57,7,grant UPDATE on public.games to service_role;
58,7,grant DELETE on public.picks to anon;
59,7,grant REFERENCES on public.picks to anon;
60,7,grant SELECT on public.picks to anon;
61,7,grant TRIGGER on public.picks to anon;
62,7,grant TRUNCATE on public.picks to anon;
63,7,grant DELETE on public.picks to authenticated;
64,7,grant REFERENCES on public.picks to authenticated;
65,7,grant SELECT on public.picks to authenticated;
66,7,grant TRIGGER on public.picks to authenticated;
67,7,grant TRUNCATE on public.picks to authenticated;
68,7,grant DELETE on public.picks to service_role;
69,7,grant INSERT on public.picks to service_role;
70,7,grant REFERENCES on public.picks to service_role;
71,7,grant SELECT on public.picks to service_role;
72,7,grant TRIGGER on public.picks to service_role;
73,7,grant TRUNCATE on public.picks to service_role;
74,7,grant UPDATE on public.picks to service_role;
75,7,grant DELETE on public.profiles to anon;
76,7,grant REFERENCES on public.profiles to anon;
77,7,grant SELECT on public.profiles to anon;
78,7,grant TRIGGER on public.profiles to anon;
79,7,grant TRUNCATE on public.profiles to anon;
80,7,grant DELETE on public.profiles to authenticated;
81,7,grant REFERENCES on public.profiles to authenticated;
82,7,grant SELECT on public.profiles to authenticated;
83,7,grant TRIGGER on public.profiles to authenticated;
84,7,grant TRUNCATE on public.profiles to authenticated;
85,7,grant DELETE on public.profiles to service_role;
86,7,grant INSERT on public.profiles to service_role;
87,7,grant REFERENCES on public.profiles to service_role;
88,7,grant SELECT on public.profiles to service_role;
89,7,grant TRIGGER on public.profiles to service_role;
90,7,grant TRUNCATE on public.profiles to service_role;
91,7,grant UPDATE on public.profiles to service_role;
92,7,grant REFERENCES on public.weeks to anon;
93,7,grant SELECT on public.weeks to anon;
94,7,grant TRIGGER on public.weeks to anon;
95,7,grant TRUNCATE on public.weeks to anon;
96,7,grant REFERENCES on public.weeks to authenticated;
97,7,grant SELECT on public.weeks to authenticated;
98,7,grant TRIGGER on public.weeks to authenticated;
99,7,grant TRUNCATE on public.weeks to authenticated;
100,7,grant DELETE on public.weeks to service_role;
101,7,grant INSERT on public.weeks to service_role;
102,7,grant REFERENCES on public.weeks to service_role;
103,7,grant SELECT on public.weeks to service_role;
104,7,grant TRIGGER on public.weeks to service_role;
105,7,grant TRUNCATE on public.weeks to service_role;
106,7,grant UPDATE on public.weeks to service_role;
107,8,-- column grant: REFERENCES on public.games(away_score) to anon
108,8,-- column grant: REFERENCES on public.games(away_team_id) to anon
109,8,-- column grant: REFERENCES on public.games(created_at) to anon
110,8,-- column grant: REFERENCES on public.games(home_score) to anon
111,8,-- column grant: REFERENCES on public.games(home_team_id) to anon
112,8,-- column grant: REFERENCES on public.games(id) to anon
113,8,-- column grant: REFERENCES on public.games(nhl_game_id) to anon
114,8,-- column grant: REFERENCES on public.games(start_time) to anon
115,8,-- column grant: REFERENCES on public.games(status) to anon
116,8,-- column grant: REFERENCES on public.games(week_id) to anon
117,8,-- column grant: SELECT on public.games(away_score) to anon
118,8,-- column grant: SELECT on public.games(away_team_id) to anon
119,8,-- column grant: SELECT on public.games(created_at) to anon
120,8,-- column grant: SELECT on public.games(home_score) to anon
121,8,-- column grant: SELECT on public.games(home_team_id) to anon
122,8,-- column grant: SELECT on public.games(id) to anon
123,8,-- column grant: SELECT on public.games(nhl_game_id) to anon
124,8,-- column grant: SELECT on public.games(start_time) to anon
125,8,-- column grant: SELECT on public.games(status) to anon
126,8,-- column grant: SELECT on public.games(week_id) to anon
127,8,-- column grant: INSERT on public.games(away_team_id) to authenticated
128,8,-- column grant: INSERT on public.games(home_team_id) to authenticated
129,8,-- column grant: INSERT on public.games(nhl_game_id) to authenticated
130,8,-- column grant: INSERT on public.games(start_time) to authenticated
131,8,-- column grant: INSERT on public.games(status) to authenticated
132,8,-- column grant: INSERT on public.games(week_id) to authenticated
133,8,-- column grant: REFERENCES on public.games(away_score) to authenticated
134,8,-- column grant: REFERENCES on public.games(away_team_id) to authenticated
135,8,-- column grant: REFERENCES on public.games(created_at) to authenticated
136,8,-- column grant: REFERENCES on public.games(home_score) to authenticated
137,8,-- column grant: REFERENCES on public.games(home_team_id) to authenticated
138,8,-- column grant: REFERENCES on public.games(id) to authenticated
139,8,-- column grant: REFERENCES on public.games(nhl_game_id) to authenticated
140,8,-- column grant: REFERENCES on public.games(start_time) to authenticated
141,8,-- column grant: REFERENCES on public.games(status) to authenticated
142,8,-- column grant: REFERENCES on public.games(week_id) to authenticated
143,8,-- column grant: SELECT on public.games(away_score) to authenticated
144,8,-- column grant: SELECT on public.games(away_team_id) to authenticated
145,8,-- column grant: SELECT on public.games(created_at) to authenticated
146,8,-- column grant: SELECT on public.games(home_score) to authenticated
147,8,-- column grant: SELECT on public.games(home_team_id) to authenticated
148,8,-- column grant: SELECT on public.games(id) to authenticated
149,8,-- column grant: SELECT on public.games(nhl_game_id) to authenticated
150,8,-- column grant: SELECT on public.games(start_time) to authenticated
151,8,-- column grant: SELECT on public.games(status) to authenticated
152,8,-- column grant: SELECT on public.games(week_id) to authenticated
153,8,-- column grant: INSERT on public.games(away_score) to service_role
154,8,-- column grant: INSERT on public.games(away_team_id) to service_role
155,8,-- column grant: INSERT on public.games(created_at) to service_role
156,8,-- column grant: INSERT on public.games(home_score) to service_role
157,8,-- column grant: INSERT on public.games(home_team_id) to service_role
158,8,-- column grant: INSERT on public.games(id) to service_role
159,8,-- column grant: INSERT on public.games(nhl_game_id) to service_role
160,8,-- column grant: INSERT on public.games(start_time) to service_role
161,8,-- column grant: INSERT on public.games(status) to service_role
162,8,-- column grant: INSERT on public.games(week_id) to service_role
163,8,-- column grant: REFERENCES on public.games(away_score) to service_role
164,8,-- column grant: REFERENCES on public.games(away_team_id) to service_role
165,8,-- column grant: REFERENCES on public.games(created_at) to service_role
166,8,-- column grant: REFERENCES on public.games(home_score) to service_role
167,8,-- column grant: REFERENCES on public.games(home_team_id) to service_role
168,8,-- column grant: REFERENCES on public.games(id) to service_role
169,8,-- column grant: REFERENCES on public.games(nhl_game_id) to service_role
170,8,-- column grant: REFERENCES on public.games(start_time) to service_role
171,8,-- column grant: REFERENCES on public.games(status) to service_role
172,8,-- column grant: REFERENCES on public.games(week_id) to service_role
173,8,-- column grant: SELECT on public.games(away_score) to service_role
174,8,-- column grant: SELECT on public.games(away_team_id) to service_role
175,8,-- column grant: SELECT on public.games(created_at) to service_role
176,8,-- column grant: SELECT on public.games(home_score) to service_role
177,8,-- column grant: SELECT on public.games(home_team_id) to service_role
178,8,-- column grant: SELECT on public.games(id) to service_role
179,8,-- column grant: SELECT on public.games(nhl_game_id) to service_role
180,8,-- column grant: SELECT on public.games(start_time) to service_role
181,8,-- column grant: SELECT on public.games(status) to service_role
182,8,-- column grant: SELECT on public.games(week_id) to service_role
183,8,-- column grant: UPDATE on public.games(away_score) to service_role
184,8,-- column grant: UPDATE on public.games(away_team_id) to service_role
185,8,-- column grant: UPDATE on public.games(created_at) to service_role
186,8,-- column grant: UPDATE on public.games(home_score) to service_role
187,8,-- column grant: UPDATE on public.games(home_team_id) to service_role
188,8,-- column grant: UPDATE on public.games(id) to service_role
189,8,-- column grant: UPDATE on public.games(nhl_game_id) to service_role
190,8,-- column grant: UPDATE on public.games(start_time) to service_role
191,8,-- column grant: UPDATE on public.games(status) to service_role
192,8,-- column grant: UPDATE on public.games(week_id) to service_role
193,8,-- column grant: REFERENCES on public.picks(confidence) to anon
194,8,-- column grant: REFERENCES on public.picks(created_at) to anon
195,8,-- column grant: REFERENCES on public.picks(game_id) to anon
196,8,-- column grant: REFERENCES on public.picks(id) to anon
197,8,-- column grant: REFERENCES on public.picks(points_earned) to anon
198,8,-- column grant: REFERENCES on public.picks(result) to anon
199,8,-- column grant: REFERENCES on public.picks(selected_team_id) to anon
200,8,-- column grant: REFERENCES on public.picks(user_id) to anon
201,8,-- column grant: REFERENCES on public.picks(week_id) to anon
202,8,-- column grant: SELECT on public.picks(confidence) to anon
203,8,-- column grant: SELECT on public.picks(created_at) to anon
204,8,-- column grant: SELECT on public.picks(game_id) to anon
205,8,-- column grant: SELECT on public.picks(id) to anon
206,8,-- column grant: SELECT on public.picks(points_earned) to anon
207,8,-- column grant: SELECT on public.picks(result) to anon
208,8,-- column grant: SELECT on public.picks(selected_team_id) to anon
209,8,-- column grant: SELECT on public.picks(user_id) to anon
210,8,-- column grant: SELECT on public.picks(week_id) to anon
211,8,-- column grant: INSERT on public.picks(confidence) to authenticated
212,8,-- column grant: INSERT on public.picks(game_id) to authenticated
213,8,-- column grant: INSERT on public.picks(selected_team_id) to authenticated
214,8,-- column grant: INSERT on public.picks(user_id) to authenticated
215,8,-- column grant: INSERT on public.picks(week_id) to authenticated
216,8,-- column grant: REFERENCES on public.picks(confidence) to authenticated
217,8,-- column grant: REFERENCES on public.picks(created_at) to authenticated
218,8,-- column grant: REFERENCES on public.picks(game_id) to authenticated
219,8,-- column grant: REFERENCES on public.picks(id) to authenticated
220,8,-- column grant: REFERENCES on public.picks(points_earned) to authenticated
221,8,-- column grant: REFERENCES on public.picks(result) to authenticated
222,8,-- column grant: REFERENCES on public.picks(selected_team_id) to authenticated
223,8,-- column grant: REFERENCES on public.picks(user_id) to authenticated
224,8,-- column grant: REFERENCES on public.picks(week_id) to authenticated
225,8,-- column grant: SELECT on public.picks(confidence) to authenticated
226,8,-- column grant: SELECT on public.picks(created_at) to authenticated
227,8,-- column grant: SELECT on public.picks(game_id) to authenticated
228,8,-- column grant: SELECT on public.picks(id) to authenticated
229,8,-- column grant: SELECT on public.picks(points_earned) to authenticated
230,8,-- column grant: SELECT on public.picks(result) to authenticated
231,8,-- column grant: SELECT on public.picks(selected_team_id) to authenticated
232,8,-- column grant: SELECT on public.picks(user_id) to authenticated
233,8,-- column grant: SELECT on public.picks(week_id) to authenticated
234,8,-- column grant: INSERT on public.picks(confidence) to service_role
235,8,-- column grant: INSERT on public.picks(created_at) to service_role
236,8,-- column grant: INSERT on public.picks(game_id) to service_role
237,8,-- column grant: INSERT on public.picks(id) to service_role
238,8,-- column grant: INSERT on public.picks(points_earned) to service_role
239,8,-- column grant: INSERT on public.picks(result) to service_role
240,8,-- column grant: INSERT on public.picks(selected_team_id) to service_role
241,8,-- column grant: INSERT on public.picks(user_id) to service_role
242,8,-- column grant: INSERT on public.picks(week_id) to service_role
243,8,-- column grant: REFERENCES on public.picks(confidence) to service_role
244,8,-- column grant: REFERENCES on public.picks(created_at) to service_role
245,8,-- column grant: REFERENCES on public.picks(game_id) to service_role
246,8,-- column grant: REFERENCES on public.picks(id) to service_role
247,8,-- column grant: REFERENCES on public.picks(points_earned) to service_role
248,8,-- column grant: REFERENCES on public.picks(result) to service_role
249,8,-- column grant: REFERENCES on public.picks(selected_team_id) to service_role
250,8,-- column grant: REFERENCES on public.picks(user_id) to service_role
251,8,-- column grant: REFERENCES on public.picks(week_id) to service_role
252,8,-- column grant: SELECT on public.picks(confidence) to service_role
253,8,-- column grant: SELECT on public.picks(created_at) to service_role
254,8,-- column grant: SELECT on public.picks(game_id) to service_role
255,8,-- column grant: SELECT on public.picks(id) to service_role
256,8,-- column grant: SELECT on public.picks(points_earned) to service_role
257,8,-- column grant: SELECT on public.picks(result) to service_role
258,8,-- column grant: SELECT on public.picks(selected_team_id) to service_role
259,8,-- column grant: SELECT on public.picks(user_id) to service_role
260,8,-- column grant: SELECT on public.picks(week_id) to service_role
261,8,-- column grant: UPDATE on public.picks(confidence) to service_role
262,8,-- column grant: UPDATE on public.picks(created_at) to service_role
263,8,-- column grant: UPDATE on public.picks(game_id) to service_role
264,8,-- column grant: UPDATE on public.picks(id) to service_role
265,8,-- column grant: UPDATE on public.picks(points_earned) to service_role
266,8,-- column grant: UPDATE on public.picks(result) to service_role
267,8,-- column grant: UPDATE on public.picks(selected_team_id) to service_role
268,8,-- column grant: UPDATE on public.picks(user_id) to service_role
269,8,-- column grant: UPDATE on public.picks(week_id) to service_role
270,8,-- column grant: REFERENCES on public.profiles(avatar) to anon
271,8,-- column grant: REFERENCES on public.profiles(created_at) to anon
272,8,-- column grant: REFERENCES on public.profiles(email) to anon
273,8,-- column grant: REFERENCES on public.profiles(id) to anon
274,8,-- column grant: REFERENCES on public.profiles(name) to anon
275,8,-- column grant: REFERENCES on public.profiles(role) to anon
276,8,-- column grant: REFERENCES on public.profiles(updated_at) to anon
277,8,-- column grant: SELECT on public.profiles(avatar) to anon
278,8,-- column grant: SELECT on public.profiles(created_at) to anon
279,8,-- column grant: SELECT on public.profiles(email) to anon
280,8,-- column grant: SELECT on public.profiles(id) to anon
281,8,-- column grant: SELECT on public.profiles(name) to anon
282,8,-- column grant: SELECT on public.profiles(role) to anon
283,8,-- column grant: SELECT on public.profiles(updated_at) to anon
284,8,-- column grant: REFERENCES on public.profiles(avatar) to authenticated
285,8,-- column grant: REFERENCES on public.profiles(created_at) to authenticated
286,8,-- column grant: REFERENCES on public.profiles(email) to authenticated
287,8,-- column grant: REFERENCES on public.profiles(id) to authenticated
288,8,-- column grant: REFERENCES on public.profiles(name) to authenticated
289,8,-- column grant: REFERENCES on public.profiles(role) to authenticated
290,8,-- column grant: REFERENCES on public.profiles(updated_at) to authenticated
291,8,-- column grant: SELECT on public.profiles(avatar) to authenticated
292,8,-- column grant: SELECT on public.profiles(created_at) to authenticated
293,8,-- column grant: SELECT on public.profiles(email) to authenticated
294,8,-- column grant: SELECT on public.profiles(id) to authenticated
295,8,-- column grant: SELECT on public.profiles(name) to authenticated
296,8,-- column grant: SELECT on public.profiles(role) to authenticated
297,8,-- column grant: SELECT on public.profiles(updated_at) to authenticated
298,8,-- column grant: INSERT on public.profiles(avatar) to service_role
299,8,-- column grant: INSERT on public.profiles(created_at) to service_role
300,8,-- column grant: INSERT on public.profiles(email) to service_role
301,8,-- column grant: INSERT on public.profiles(id) to service_role
302,8,-- column grant: INSERT on public.profiles(name) to service_role
303,8,-- column grant: INSERT on public.profiles(role) to service_role
304,8,-- column grant: INSERT on public.profiles(updated_at) to service_role
305,8,-- column grant: REFERENCES on public.profiles(avatar) to service_role
306,8,-- column grant: REFERENCES on public.profiles(created_at) to service_role
307,8,-- column grant: REFERENCES on public.profiles(email) to service_role
308,8,-- column grant: REFERENCES on public.profiles(id) to service_role
309,8,-- column grant: REFERENCES on public.profiles(name) to service_role
310,8,-- column grant: REFERENCES on public.profiles(role) to service_role
311,8,-- column grant: REFERENCES on public.profiles(updated_at) to service_role
312,8,-- column grant: SELECT on public.profiles(avatar) to service_role
313,8,-- column grant: SELECT on public.profiles(created_at) to service_role
314,8,-- column grant: SELECT on public.profiles(email) to service_role
315,8,-- column grant: SELECT on public.profiles(id) to service_role
316,8,-- column grant: SELECT on public.profiles(name) to service_role
317,8,-- column grant: SELECT on public.profiles(role) to service_role
318,8,-- column grant: SELECT on public.profiles(updated_at) to service_role
319,8,-- column grant: UPDATE on public.profiles(avatar) to service_role
320,8,-- column grant: UPDATE on public.profiles(created_at) to service_role
321,8,-- column grant: UPDATE on public.profiles(email) to service_role
322,8,-- column grant: UPDATE on public.profiles(id) to service_role
323,8,-- column grant: UPDATE on public.profiles(name) to service_role
324,8,-- column grant: UPDATE on public.profiles(role) to service_role
325,8,-- column grant: UPDATE on public.profiles(updated_at) to service_role
326,8,-- column grant: REFERENCES on public.weeks(created_at) to anon
327,8,-- column grant: REFERENCES on public.weeks(id) to anon
328,8,-- column grant: REFERENCES on public.weeks(saturday_date) to anon
329,8,-- column grant: REFERENCES on public.weeks(status) to anon
330,8,-- column grant: REFERENCES on public.weeks(week_number) to anon
331,8,-- column grant: SELECT on public.weeks(created_at) to anon
332,8,-- column grant: SELECT on public.weeks(id) to anon
333,8,-- column grant: SELECT on public.weeks(saturday_date) to anon
334,8,-- column grant: SELECT on public.weeks(status) to anon
335,8,-- column grant: SELECT on public.weeks(week_number) to anon
336,8,-- column grant: INSERT on public.weeks(id) to authenticated
337,8,-- column grant: INSERT on public.weeks(saturday_date) to authenticated
338,8,-- column grant: INSERT on public.weeks(status) to authenticated
339,8,-- column grant: INSERT on public.weeks(week_number) to authenticated
340,8,-- column grant: REFERENCES on public.weeks(created_at) to authenticated
341,8,-- column grant: REFERENCES on public.weeks(id) to authenticated
342,8,-- column grant: REFERENCES on public.weeks(saturday_date) to authenticated
343,8,-- column grant: REFERENCES on public.weeks(status) to authenticated
344,8,-- column grant: REFERENCES on public.weeks(week_number) to authenticated
345,8,-- column grant: SELECT on public.weeks(created_at) to authenticated
346,8,-- column grant: SELECT on public.weeks(id) to authenticated
347,8,-- column grant: SELECT on public.weeks(saturday_date) to authenticated
348,8,-- column grant: SELECT on public.weeks(status) to authenticated
349,8,-- column grant: SELECT on public.weeks(week_number) to authenticated
350,8,-- column grant: UPDATE on public.weeks(status) to authenticated
351,8,-- column grant: INSERT on public.weeks(created_at) to service_role
352,8,-- column grant: INSERT on public.weeks(id) to service_role
353,8,-- column grant: INSERT on public.weeks(saturday_date) to service_role
354,8,-- column grant: INSERT on public.weeks(status) to service_role
355,8,-- column grant: INSERT on public.weeks(week_number) to service_role
356,8,-- column grant: REFERENCES on public.weeks(created_at) to service_role
357,8,-- column grant: REFERENCES on public.weeks(id) to service_role
358,8,-- column grant: REFERENCES on public.weeks(saturday_date) to service_role
359,8,-- column grant: REFERENCES on public.weeks(status) to service_role
360,8,-- column grant: REFERENCES on public.weeks(week_number) to service_role
361,8,-- column grant: SELECT on public.weeks(created_at) to service_role
362,8,-- column grant: SELECT on public.weeks(id) to service_role
363,8,-- column grant: SELECT on public.weeks(saturday_date) to service_role
364,8,-- column grant: SELECT on public.weeks(status) to service_role
365,8,-- column grant: SELECT on public.weeks(week_number) to service_role
366,8,-- column grant: UPDATE on public.weeks(created_at) to service_role
367,8,-- column grant: UPDATE on public.weeks(id) to service_role
368,8,-- column grant: UPDATE on public.weeks(saturday_date) to service_role
369,8,-- column grant: UPDATE on public.weeks(status) to service_role
370,8,-- column grant: UPDATE on public.weeks(week_number) to service_role
371,9,"CREATE OR REPLACE FUNCTION public.admin_create_invite(p_email text DEFAULT NULL::text, p_expires_at timestamp with time zone DEFAULT NULL::timestamp with time zone)
 RETURNS invites
 LANGUAGE plpgsql
 SECURITY DEFINER
 SET search_path TO 'public'
AS $function$
declare
  v_invite     public.invites;
  v_code       text;
  v_expires_at timestamptz;
  v_email      text := nullif(lower(trim(coalesce(p_email, ''))), '');
begin
  if not public.is_admin() then
    raise exception 'admin_create_invite: admins only';
  end if;

  if v_email is not null and v_email !~ '^[^@[:space:]]+@[^@[:space:]]+\.[^@[:space:]]+$' then
    raise exception 'admin_create_invite: % is not an email address', v_email;
  end if;

  if p_expires_at is not null and p_expires_at <= now() then
    raise exception 'admin_create_invite: expiry is already in the past';
  end if;

  -- Codes are UNCAPPED: any number of people can redeem one until it expires
  -- or is revoked. That is the point -- one key to the group email beats twelve
  -- codes and twelve messages, and it is what makes signup genuinely self-serve
  -- rather than making the admin the bottleneck.
  --
  -- Which is exactly why it must not be open-ended. An expiry is defaulted
  -- rather than demanded, so a hurried admin cannot mint a permanent door by
  -- omission. Pass one explicitly to override -- and for the pool's main code,
  -- DO: 14 days from the season opener dies in the middle of October.
  v_expires_at := coalesce(p_expires_at, now() + interval '14 days');

  -- Binding to an address is what makes a code PERSONAL rather than shared:
  -- uncapped means nothing when only one person may use it. So the two shapes
  -- are the same mechanism -- leave the email off for the group key, set it for
  -- a single named late joiner.
  --
  -- Refuse to invite somebody who is already in. Cheap, and it stops a second
  -- code being minted for a member who simply forgot their password.
  if v_email is not null and exists (
    select 1 from public.profiles where lower(email) = v_email
  ) then
    raise exception 'admin_create_invite: % is already a member', v_email;
  end if;

  -- No retry loop. At 48 bits the first collision is expected somewhere around
  -- sixteen million codes and this pool will mint dozens, so catching
  -- unique_violation would only add a guard that cannot fire.
  v_code := public.generate_invite_code();

  insert into public.invites (code, email, created_by, expires_at)
  values (v_code, v_email, auth.uid(), v_expires_at)
  returning * into v_invite;

  return v_invite;
end;
$function$
;"
372,9,"CREATE OR REPLACE FUNCTION public.admin_revoke_invite(p_code text)
 RETURNS invites
 LANGUAGE plpgsql
 SECURITY DEFINER
 SET search_path TO 'public'
AS $function$
declare
  v_invite public.invites;
begin
  if not public.is_admin() then
    raise exception 'admin_revoke_invite: admins only';
  end if;

  update public.invites
     set revoked_at = now()
   where code = public.normalise_invite_code(p_code)
     and revoked_at is null
  returning * into v_invite;

  if v_invite.code is null then
    raise exception 'admin_revoke_invite: no such code, or it is already revoked';
  end if;

  return v_invite;
end;
$function$
;"
373,9,"CREATE OR REPLACE FUNCTION public.enforce_game_score_guard()
 RETURNS trigger
 LANGUAGE plpgsql
 SET search_path TO 'public', 'pg_temp'
AS $function$
begin
  if current_user not in ('anon', 'authenticated') then
    return new;
  end if;

  if tg_op = 'INSERT' then
    new.home_score := null;
    new.away_score := null;
    new.status := 'SCHEDULED';
    return new;
  end if;

  raise exception 'games are scored by the league sync and cannot be changed here'
    using errcode = 'insufficient_privilege';
end;
$function$
;"
374,9,"CREATE OR REPLACE FUNCTION public.enforce_pick_score_guard()
 RETURNS trigger
 LANGUAGE plpgsql
 SET search_path TO 'public', 'pg_temp'
AS $function$
begin
  if current_user not in ('anon', 'authenticated') then
    return new;
  end if;

  if tg_op = 'INSERT' then
    new.points_earned := 0;
    new.result := 'PENDING';
    return new;
  end if;

  if new.points_earned is distinct from old.points_earned then
    raise exception 'picks.points_earned is set by scoring and cannot be changed here'
      using errcode = 'insufficient_privilege';
  end if;

  if new.result is distinct from old.result then
    raise exception 'picks.result is set by scoring and cannot be changed here'
      using errcode = 'insufficient_privilege';
  end if;

  return new;
end;
$function$
;"
375,9,"CREATE OR REPLACE FUNCTION public.enforce_profile_column_guard()
 RETURNS trigger
 LANGUAGE plpgsql
 SET search_path TO 'public', 'pg_temp'
AS $function$
begin
  if current_user not in ('anon', 'authenticated') then
    return new;
  end if;

  if new.id is distinct from old.id then
    raise exception 'profiles.id cannot be changed'
      using errcode = 'insufficient_privilege';
  end if;

  if new.role is distinct from old.role then
    raise exception 'profiles.role can only be changed by a league administrator'
      using errcode = 'insufficient_privilege';
  end if;

  if new.email is distinct from old.email then
    raise exception 'profiles.email is managed by authentication and cannot be changed here'
      using errcode = 'insufficient_privilege';
  end if;

  return new;
end;
$function$
;"
376,9,"CREATE OR REPLACE FUNCTION public.enforce_week_guard()
 RETURNS trigger
 LANGUAGE plpgsql
 SET search_path TO 'public', 'pg_temp'
AS $function$
declare
  derived date;
begin
  if current_user not in ('anon', 'authenticated') then
    return new;
  end if;

  if tg_op = 'INSERT' then
    if new.id !~ '^week-\d{4}-\d{2}-\d{2}$' then
      raise exception 'weeks.id must look like week-YYYY-MM-DD, got %', new.id
        using errcode = 'invalid_parameter_value';
    end if;

    derived := substring(new.id from 6)::date;

    if extract(isodow from derived) <> 6 then
      raise exception 'weeks.id must name a Saturday, got % (%)',
        derived, to_char(derived, 'Day')
        using errcode = 'invalid_parameter_value';
    end if;

    -- The deadline comes from the id, never from what the client sent.
    new.saturday_date := derived;
    new.status := 'OPEN';
    return new;
  end if;

  if new.id is distinct from old.id
     or new.saturday_date is distinct from old.saturday_date
     or new.week_number is distinct from old.week_number then
    raise exception 'a week''s date and number are fixed once it exists; only status may change'
      using errcode = 'insufficient_privilege';
  end if;

  return new;
end;
$function$
;"
377,9,"CREATE OR REPLACE FUNCTION public.generate_invite_code()
 RETURNS text
 LANGUAGE sql
AS $function$
  select upper(substr(replace(gen_random_uuid()::text, '-', ''), 1, 12));
$function$
;"
378,9,"CREATE OR REPLACE FUNCTION public.is_admin()
 RETURNS boolean
 LANGUAGE sql
 STABLE SECURITY DEFINER
 SET search_path TO 'public'
AS $function$
  select coalesce(
    (select p.role = 'admin' from public.profiles p where p.id = auth.uid()),
    false
  );
$function$
;"
379,9,"CREATE OR REPLACE FUNCTION public.is_member()
 RETURNS boolean
 LANGUAGE sql
 STABLE SECURITY DEFINER
 SET search_path TO 'public'
AS $function$
  select exists (select 1 from public.profiles p where p.id = auth.uid());
$function$
;"
380,9,"CREATE OR REPLACE FUNCTION public.normalise_invite_code(p_code text)
 RETURNS text
 LANGUAGE sql
 IMMUTABLE
AS $function$
  select upper(regexp_replace(coalesce(p_code, ''), '[^a-zA-Z0-9]', '', 'g'));
$function$
;"
381,9,"CREATE OR REPLACE FUNCTION public.picks_revealed(p_week_id text)
 RETURNS boolean
 LANGUAGE sql
 STABLE SECURITY DEFINER
 SET search_path TO 'public'
AS $function$
  select coalesce(
    ((w.saturday_date + time '10:00') at time zone 'America/New_York') <= now(),
    false
  )
  from public.weeks w
  where w.id = p_week_id;
$function$
;"
382,9,"CREATE OR REPLACE FUNCTION public.redeem_invite(p_code text, p_name text)
 RETURNS profiles
 LANGUAGE plpgsql
 SECURITY DEFINER
 SET search_path TO 'public'
AS $function$
declare
  v_user_id uuid := auth.uid();
  v_email   text;
  v_name    text := nullif(trim(coalesce(p_name, '')), '');
  v_code    text := public.normalise_invite_code(p_code);
  v_invite  public.invites;
  v_profile public.profiles;
begin
  if v_user_id is null then
    raise exception 'redeem_invite: not authenticated';
  end if;

  if v_name is null then
    raise exception 'redeem_invite: a name is required';
  end if;

  if exists (select 1 from public.profiles where id = v_user_id) then
    raise exception 'redeem_invite: you are already a member';
  end if;

  -- The address comes from auth.users, never from the client. An email-bound
  -- invite is only worth something if the binding cannot be asserted by the
  -- person redeeming it.
  select lower(email) into v_email from auth.users where id = v_user_id;

  -- auth.users.email is nullable -- phone signup, some OAuth providers. Without
  -- this guard the binding check below cannot do its job: a naive `<>` against
  -- NULL evaluates to NULL rather than true, so it never fires and a bound code
  -- becomes redeemable by the wrong person. The only thing that would catch it
  -- is profiles.email being NOT NULL and failing one statement later, which is
  -- luck, not a rule.
  if v_email is null then
    raise exception 'redeem_invite: your account has no email address';
  end if;

  -- Locked, though nothing about the code changes here. Two people redeeming
  -- the same group key at the same instant is the ordinary case and both should
  -- succeed; the lock is what serialises the expiry and revocation checks
  -- against an admin revoking mid-redemption.
  select * into v_invite
    from public.invites
   where code = v_code
     for update;

  if v_invite.code is null then
    raise exception 'redeem_invite: that invite code is not valid';
  end if;

  -- No ""already used"" check: a code is reusable by design. What stops one
  -- PERSON using it twice is the profile check above and unique (user_id) on
  -- invite_claims, not the state of the code.
  if v_invite.revoked_at is not null then
    raise exception 'redeem_invite: that invite is no longer open';
  end if;

  if v_invite.expires_at is not null and v_invite.expires_at <= now() then
    raise exception 'redeem_invite: that invite has expired';
  end if;

  -- `is distinct from` rather than `<>`, so a NULL on either side cannot
  -- silently skip the check.
  if v_invite.email is not null and v_invite.email is distinct from v_email then
    -- Deliberately does not name the address the code is for; that would turn
    -- a leaked code into a way of harvesting who was invited.
    raise exception 'redeem_invite: that invite was issued to a different email address';
  end if;

  -- `role` is not settable here by anyone. A redeemed invite always produces a
  -- member; promoting somebody is a separate, deliberate act. `avatar` is left
  -- null -- members set it from Settings, and every view falls back to initials.
  insert into public.profiles (id, email, name)
  values (v_user_id, v_email, v_name)
  returning * into v_profile;

  insert into public.invite_claims (code, user_id)
  values (v_invite.code, v_user_id);

  return v_profile;
end;
$function$
;"
383,9,"CREATE OR REPLACE FUNCTION public.rls_auto_enable()
 RETURNS event_trigger
 LANGUAGE plpgsql
 SECURITY DEFINER
 SET search_path TO 'pg_catalog'
AS $function$
DECLARE
  cmd record;
BEGIN
  FOR cmd IN
    SELECT *
    FROM pg_event_trigger_ddl_commands()
    WHERE command_tag IN ('CREATE TABLE', 'CREATE TABLE AS', 'SELECT INTO')
      AND object_type IN ('table','partitioned table')
  LOOP
     IF cmd.schema_name IS NOT NULL AND cmd.schema_name IN ('public') AND cmd.schema_name NOT IN ('pg_catalog','information_schema') AND cmd.schema_name NOT LIKE 'pg_toast%' AND cmd.schema_name NOT LIKE 'pg_temp%' THEN
      BEGIN
        EXECUTE format('alter table if exists %s enable row level security', cmd.object_identity);
        RAISE LOG 'rls_auto_enable: enabled RLS on %', cmd.object_identity;
      EXCEPTION
        WHEN OTHERS THEN
          RAISE LOG 'rls_auto_enable: failed to enable RLS on %', cmd.object_identity;
      END;
     ELSE
        RAISE LOG 'rls_auto_enable: skip % (either system schema or not in enforced list: %.)', cmd.object_identity, cmd.schema_name;
     END IF;
  END LOOP;
END;
$function$
;"
384,9,"CREATE OR REPLACE FUNCTION public.save_picks(p_user_id uuid, p_week_id text, p_picks jsonb)
 RETURNS void
 LANGUAGE plpgsql
 SET search_path TO 'public'
AS $function$
begin
  -- Shape checks. The client checks these too, for a faster and friendlier
  -- error; the console does not, and this is the copy that is not optional.
  if jsonb_typeof(p_picks) is distinct from 'array' then
    raise exception 'Picks must be an array';
  end if;

  if jsonb_array_length(p_picks) <> 5 then
    raise exception 'Must submit exactly 5 picks';
  end if;

  if (
    select count(distinct (e->>'confidence')::int)
      from jsonb_array_elements(p_picks) e
     where (e->>'confidence')::int between 1 and 5
  ) <> 5 then
    raise exception 'Confidence values must be unique and between 1 and 5';
  end if;

  -- Report a locked week in words. Without this the RLS policy still refuses
  -- the write, but as an opaque ""violates row-level security policy"". Same
  -- transaction as the statements below, so it cannot disagree with them.
  if picks_revealed(p_week_id) then
    raise exception 'Picks are locked. Deadline has passed.';
  end if;

  -- The two statements this function exists for. RLS applies to both.
  delete from public.picks
   where user_id = p_user_id
     and week_id = p_week_id;

  insert into public.picks (user_id, week_id, game_id, selected_team_id, confidence)
  select p_user_id,
         p_week_id,
         e->>'gameId',
         e->>'selectedTeamId',
         (e->>'confidence')::int
    from jsonb_array_elements(p_picks) e;
end;
$function$
;"
385,10,CREATE TRIGGER games_score_guard BEFORE INSERT OR UPDATE ON public.games FOR EACH ROW EXECUTE FUNCTION enforce_game_score_guard();
386,10,CREATE TRIGGER picks_score_guard BEFORE INSERT OR UPDATE ON public.picks FOR EACH ROW EXECUTE FUNCTION enforce_pick_score_guard();
387,10,CREATE TRIGGER profiles_column_guard BEFORE UPDATE ON public.profiles FOR EACH ROW EXECUTE FUNCTION enforce_profile_column_guard();
388,10,CREATE TRIGGER weeks_guard BEFORE INSERT OR UPDATE ON public.weeks FOR EACH ROW EXECUTE FUNCTION enforce_week_guard();
389,11,-- extension in use: pg_stat_statements version 1.11
390,11,-- extension in use: pgcrypto version 1.3
391,11,-- extension in use: supabase_vault version 0.3.1
392,11,-- extension in use: uuid-ossp version 1.1